{"name":"data-society_major-speeches-by-donald-trump","title":"Major Speeches by Donald Trump","description":"56 Major Speeches by Donald Trump (June 2015 - November 2016).\n\nAll of Trump's Speeches from June 2015 to November 9, 2016\n\nMissing line breaks and other formatting, but should work well for most text analysis purposes. Enjoy.\n\nData Society's choice to host this dataset is not meant to express any particular political affiliation or intent.\n\nSource: https://github.com/PedramNavid/trump_speeches","homepage":"https://data.world/data-society/major-speeches-by-donald-trump","resources":[{"name":"original/full_speech.txt","path":"original/full_speech.txt","format":"txt","mediatype":"text/plain","bytes":817357},{"name":"original/speech_0.txt","path":"original/speech_0.txt","format":"txt","mediatype":"text/plain","bytes":35887},{"name":"original/speech_1.txt","path":"original/speech_1.txt","format":"txt","mediatype":"text/plain","bytes":13343},{"name":"original/speech_10.txt","path":"original/speech_10.txt","format":"txt","mediatype":"text/plain","bytes":16787},{"name":"original/speech_11.txt","path":"original/speech_11.txt","format":"txt","mediatype":"text/plain","bytes":18134},{"name":"original/speech_12.txt","path":"original/speech_12.txt","format":"txt","mediatype":"text/plain","bytes":13488},{"name":"original/speech_13.txt","path":"original/speech_13.txt","format":"txt","mediatype":"text/plain","bytes":7162},{"name":"original/speech_14.txt","path":"original/speech_14.txt","format":"txt","mediatype":"text/plain","bytes":8553},{"name":"original/speech_15.txt","path":"original/speech_15.txt","format":"txt","mediatype":"text/plain","bytes":8863},{"name":"original/speech_16.txt","path":"original/speech_16.txt","format":"txt","mediatype":"text/plain","bytes":12203},{"name":"original/speech_17.txt","path":"original/speech_17.txt","format":"txt","mediatype":"text/plain","bytes":14126},{"name":"original/speech_18.txt","path":"original/speech_18.txt","format":"txt","mediatype":"text/plain","bytes":15826},{"name":"original/speech_19.txt","path":"original/speech_19.txt","format":"txt","mediatype":"text/plain","bytes":33418},{"name":"original/speech_2.txt","path":"original/speech_2.txt","format":"txt","mediatype":"text/plain","bytes":20346},{"name":"original/speech_20.txt","path":"original/speech_20.txt","format":"txt","mediatype":"text/plain","bytes":15173},{"name":"original/speech_21.txt","path":"original/speech_21.txt","format":"txt","mediatype":"text/plain","bytes":10578},{"name":"original/speech_22.txt","path":"original/speech_22.txt","format":"txt","mediatype":"text/plain","bytes":9583},{"name":"original/speech_23.txt","path":"original/speech_23.txt","format":"txt","mediatype":"text/plain","bytes":8757},{"name":"original/speech_24.txt","path":"original/speech_24.txt","format":"txt","mediatype":"text/plain","bytes":10683},{"name":"original/speech_25.txt","path":"original/speech_25.txt","format":"txt","mediatype":"text/plain","bytes":9970},{"name":"original/speech_26.txt","path":"original/speech_26.txt","format":"txt","mediatype":"text/plain","bytes":17977},{"name":"original/speech_27.txt","path":"original/speech_27.txt","format":"txt","mediatype":"text/plain","bytes":9232},{"name":"original/speech_28.txt","path":"original/speech_28.txt","format":"txt","mediatype":"text/plain","bytes":7807},{"name":"original/speech_29.txt","path":"original/speech_29.txt","format":"txt","mediatype":"text/plain","bytes":10689},{"name":"original/speech_3.txt","path":"original/speech_3.txt","format":"txt","mediatype":"text/plain","bytes":17689},{"name":"original/speech_30.txt","path":"original/speech_30.txt","format":"txt","mediatype":"text/plain","bytes":14965},{"name":"original/speech_31.txt","path":"original/speech_31.txt","format":"txt","mediatype":"text/plain","bytes":12991},{"name":"original/speech_32.txt","path":"original/speech_32.txt","format":"txt","mediatype":"text/plain","bytes":12724},{"name":"original/speech_33.txt","path":"original/speech_33.txt","format":"txt","mediatype":"text/plain","bytes":11788},{"name":"original/speech_34.txt","path":"original/speech_34.txt","format":"txt","mediatype":"text/plain","bytes":12244},{"name":"original/speech_35.txt","path":"original/speech_35.txt","format":"txt","mediatype":"text/plain","bytes":10800},{"name":"original/speech_36.txt","path":"original/speech_36.txt","format":"txt","mediatype":"text/plain","bytes":14493},{"name":"original/speech_37.txt","path":"original/speech_37.txt","format":"txt","mediatype":"text/plain","bytes":17492},{"name":"original/speech_38.txt","path":"original/speech_38.txt","format":"txt","mediatype":"text/plain","bytes":6200},{"name":"original/speech_39.txt","path":"original/speech_39.txt","format":"txt","mediatype":"text/plain","bytes":15575},{"name":"original/speech_4.txt","path":"original/speech_4.txt","format":"txt","mediatype":"text/plain","bytes":19601},{"name":"original/speech_40.txt","path":"original/speech_40.txt","format":"txt","mediatype":"text/plain","bytes":15052},{"name":"original/speech_41.txt","path":"original/speech_41.txt","format":"txt","mediatype":"text/plain","bytes":12159},{"name":"original/speech_42.txt","path":"original/speech_42.txt","format":"txt","mediatype":"text/plain","bytes":6611},{"name":"original/speech_43.txt","path":"original/speech_43.txt","format":"txt","mediatype":"text/plain","bytes":9639},{"name":"original/speech_44.txt","path":"original/speech_44.txt","format":"txt","mediatype":"text/plain","bytes":15247},{"name":"original/speech_45.txt","path":"original/speech_45.txt","format":"txt","mediatype":"text/plain","bytes":12292},{"name":"original/speech_46.txt","path":"original/speech_46.txt","format":"txt","mediatype":"text/plain","bytes":9777},{"name":"original/speech_47.txt","path":"original/speech_47.txt","format":"txt","mediatype":"text/plain","bytes":12019},{"name":"original/speech_48.txt","path":"original/speech_48.txt","format":"txt","mediatype":"text/plain","bytes":11770},{"name":"original/speech_49.txt","path":"original/speech_49.txt","format":"txt","mediatype":"text/plain","bytes":9783},{"name":"original/speech_5.txt","path":"original/speech_5.txt","format":"txt","mediatype":"text/plain","bytes":14652},{"name":"original/speech_50.txt","path":"original/speech_50.txt","format":"txt","mediatype":"text/plain","bytes":9759},{"name":"original/speech_51.txt","path":"original/speech_51.txt","format":"txt","mediatype":"text/plain","bytes":10611},{"name":"original/speech_52.txt","path":"original/speech_52.txt","format":"txt","mediatype":"text/plain","bytes":14130},{"name":"original/speech_53.txt","path":"original/speech_53.txt","format":"txt","mediatype":"text/plain","bytes":4788},{"name":"original/speech_54.txt","path":"original/speech_54.txt","format":"txt","mediatype":"text/plain","bytes":12298},{"name":"original/speech_55.txt","path":"original/speech_55.txt","format":"txt","mediatype":"text/plain","bytes":9062},{"name":"original/speech_6.txt","path":"original/speech_6.txt","format":"txt","mediatype":"text/plain","bytes":23075},{"name":"original/speech_7.txt","path":"original/speech_7.txt","format":"txt","mediatype":"text/plain","bytes":29221},{"name":"original/speech_8.txt","path":"original/speech_8.txt","format":"txt","mediatype":"text/plain","bytes":55152},{"name":"original/speech_9.txt","path":"original/speech_9.txt","format":"txt","mediatype":"text/plain","bytes":28940}],"keywords":["data society","politics","donald trump","text mining"]}