{"name":"data-society_twitters-about-us-airline","title":"Twitters About US Airline","description":"Analyze how travelers in February 2015 expressed their feelings on Twitter.\n\nA sentiment analysis job about the problems of each major U.S. airline. Twitter data was scraped from February of 2015 and contributors were asked to first classify positive, negative, and neutral tweets, followed by categorizing negative reasons (such as \"late flight\" or \"rude service\").\n\nSource: Kaggle\n\nhttps://www.kaggle.com/crowdflower/twitter-airline-sentiment","homepage":"https://data.world/data-society/twitters-about-us-airline","resources":[{"name":"twitter_airline_sentiment","schema":{"fields":[{"name":"tweet_id","title":"tweet_id","type":"integer","rdfType":"http://www.w3.org/2001/XMLSchema#integer","dwSourceId":"tweet_id"},{"name":"airline_sentiment","title":"airline_sentiment","type":"string","rdfType":"http://www.w3.org/2001/XMLSchema#string","dwSourceId":"airline_sentiment"},{"name":"airline_sentiment_confidence","title":"airline_sentiment_confidence","type":"number","rdfType":"http://www.w3.org/2001/XMLSchema#decimal","dwSourceId":"airline_sentiment_confidence"},{"name":"negativereason","title":"negativereason","type":"string","rdfType":"http://www.w3.org/2001/XMLSchema#string","dwSourceId":"negativereason"},{"name":"negativereason_confidence","title":"negativereason_confidence","type":"number","rdfType":"http://www.w3.org/2001/XMLSchema#decimal","dwSourceId":"negativereason_confidence"},{"name":"airline","title":"airline","type":"string","rdfType":"http://www.w3.org/2001/XMLSchema#string","dwSourceId":"airline"},{"name":"airline_sentiment_gold","title":"airline_sentiment_gold","type":"string","rdfType":"http://www.w3.org/2001/XMLSchema#string","dwSourceId":"airline_sentiment_gold"},{"name":"name","title":"name","type":"string","rdfType":"http://www.w3.org/2001/XMLSchema#string","dwSourceId":"name"},{"name":"negativereason_gold","title":"negativereason_gold","type":"string","rdfType":"http://www.w3.org/2001/XMLSchema#string","dwSourceId":"negativereason_gold"},{"name":"retweet_count","title":"retweet_count","type":"integer","rdfType":"http://www.w3.org/2001/XMLSchema#integer","dwSourceId":"retweet_count"},{"name":"text","title":"text","type":"string","rdfType":"http://www.w3.org/2001/XMLSchema#string","dwSourceId":"text"},{"name":"tweet_coord","title":"tweet_coord","type":"string","rdfType":"http://www.w3.org/2001/XMLSchema#string","dwSourceId":"tweet_coord"},{"name":"tweet_created","title":"tweet_created","type":"string","rdfType":"http://www.w3.org/2001/XMLSchema#string","dwSourceId":"tweet_created"},{"name":"tweet_location","title":"tweet_location","type":"string","rdfType":"http://www.w3.org/2001/XMLSchema#string","dwSourceId":"tweet_location"},{"name":"user_timezone","title":"user_timezone","type":"string","rdfType":"http://www.w3.org/2001/XMLSchema#string","dwSourceId":"user_timezone"}]},"path":"data/twitter_airline_sentiment.csv","format":"csv"},{"name":"original/twitter-airline-sentiment.csv","path":"original/twitter-airline-sentiment.csv","format":"csv","mediatype":"text/csv","bytes":3421431}],"keywords":["data society","twitter","airline","sentiment analysis","text mining","classification"]}